INSERT INTO Regra (Nome, Descricao) VALUES
('Proibido fumar', 'Fumar dentro da propriedade é estritamente proibido. Os hóspedes podem fumar apenas em áreas externas designadas.'),
('Silêncio após as 22:00', 'Os hóspedes devem respeitar o horário de silêncio após as 22:00 para não perturbar os vizinhos.'),
('Cuidado com as instalações', 'Os hóspedes devem cuidar das instalações e equipamentos da propriedade. Qualquer dano deve ser comunicado ao anfitrião imediatamente.'),
('Lavagem de louça', 'Os hóspedes são responsáveis por lavar a louça usada durante a estadia. Uma taxa adicional pode ser aplicada se a louça não for lavada.'),
('Reciclagem', 'Os hóspedes devem separar o lixo para reciclagem de acordo com as instruções fornecidas.'),
('Economia de energia', 'Os hóspedes são incentivados a desligar luzes e aparelhos quando não estiverem em uso para economizar energia.'),
('Uso da lareira', 'A lareira só pode ser usada com a supervisão de um adulto. Certifique-se de que a lareira está completamente apagada antes de sair.'),
('Uso da banheira de hidromassagem', 'A banheira de hidromassagem pode ser usada apenas durante o horário permitido. Certifique-se de seguir todas as instruções de segurança.'),
('Estacionamento', 'Os hóspedes podem estacionar até dois carros no estacionamento da propriedade. Estacionamento na rua não é permitido.'),
('Segurança do condomínio', 'Os hóspedes devem seguir todas as regras de segurança do condomínio, como acesso restrito a certas áreas e uso de identificação.'),
('Descarte adequado de lixo', 'Os hóspedes devem descartar o lixo de acordo com as diretrizes do condomínio, incluindo horários específicos e locais designados.'),
('Respeito aos espaços comuns', 'Os hóspedes devem respeitar o uso dos espaços comuns do condomínio, evitando bloquear corredores e mantendo-os limpos.'),
('Comunicação com o anfitrião', 'Os hóspedes devem informar ao anfitrião sobre quaisquer problemas ou preocupações relacionadas à propriedade ou ao condomínio o mais rápido possível para resolução adequada.'),
('Segurança contra incêndios', 'Os hóspedes devem estar cientes das medidas de segurança contra incêndios na propriedade, incluindo a localização dos extintores de incêndio e saídas de emergência.'),
('Utilização dos equipamentos de segurança', 'Os hóspedes devem usar os equipamentos de segurança disponíveis na propriedade, como câmeras de segurança e alarmes de incêndio, conforme necessário.'),
('Respeito às regras da piscina', 'Caso a propriedade tenha uma piscina, os hóspedes devem seguir as regras específicas estabelecidas para seu uso, incluindo horários e precauções de segurança.'),
('Manutenção de áreas externas', 'Os hóspedes são responsáveis por manter as áreas externas da propriedade limpas e arrumadas durante a estadia, incluindo varandas e jardins.'),
('Acesso restrito a áreas privadas', 'Certas áreas da propriedade podem ser designadas como privadas e fora dos limites para os hóspedes. Os hóspedes devem respeitar essas restrições durante a estadia.'),
('Condições de uso de equipamentos de lazer', 'Quaisquer equipamentos de lazer, como bicicletas ou equipamentos esportivos, devem ser usados com cuidado e responsabilidade pelos hóspedes.'),
('Conservação de recursos naturais', 'Os hóspedes são incentivados a conservar os recursos naturais da região, como água e eletricidade, durante a estadia.'),
('Comportamento responsável em áreas externas', 'Os hóspedes devem comportar-se de forma responsável em áreas externas, como parques ou praias, evitando deixar lixo ou perturbar a vida selvagem.'),
('Restrições de acesso a áreas perigosas', 'Certas áreas da propriedade podem representar riscos, como telhados ou porões. Os hóspedes devem evitar o acesso a essas áreas para sua própria segurança.'),
('Respeito à privacidade dos vizinhos', 'Os hóspedes devem respeitar a privacidade dos vizinhos, evitando olhar para dentro de suas propriedades ou perturbar sua tranquilidade.'),
('Uso de churrasqueira ou fogão a gás', 'Se a propriedade possuir churrasqueira ou fogão a gás, os hóspedes devem seguir as instruções de uso e segurança fornecidas pelo anfitrião.'),
('Descarte adequado de cinzas e brasas', 'Se a propriedade possuir churrasqueira ou lareira externa, os hóspedes devem garantir que as cinzas e brasas sejam descartadas de forma segura e adequada após o uso.'),
('Conservação de móveis e decoração', 'Os hóspedes devem utilizar os móveis e decoração da propriedade com cuidado, evitando danos ou mau uso.'),
('Respeito às regras de trânsito na área', 'Os hóspedes devem respeitar as regras de trânsito locais ao estacionar veículos ou circular na área circundante da propriedade.'),
('Uso de áreas de lazer infantil', 'Se a propriedade possuir áreas de lazer infantil, os hóspedes devem garantir que as crianças sejam supervisionadas e usem os equipamentos de forma');

INSERT INTO Comodidade (Nome, Descricao) VALUES
('Wi-Fi', 'Conexão à internet de alta velocidade para os hóspedes.'),
('Ar condicionado', NULL),
('TV a cabo', 'Acesso a uma variedade de canais de televisão.'),
('Cozinha totalmente equipada', 'Cozinha com geladeira, fogão, forno, micro-ondas, e todos os utensílios de cozinha necessários.'),
('Piscina', 'Piscina para os hóspedes relaxarem e se refrescarem.'),
('Jacuzzi', 'Jacuzzi para os hóspedes desfrutarem de um banho relaxante.'),
('Estacionamento gratuito', 'Estacionamento gratuito para os hóspedes.'),
('Academia', NULL),
('Serviço de limpeza', 'Serviço de limpeza regular para manter a propriedade limpa e arrumada.'),
('Café da manhã incluso', 'Café da manhã incluso na tarifa da hospedagem.'),
('Acesso para cadeira de rodas', 'Acessibilidade para hóspedes com mobilidade reduzida.'),
('Pet friendly', 'Acomodações que permitem a estadia de animais de estimação.'),
('Vista para o mar', 'Acomodações com vista para o mar.'),
('Varanda ou terraço', 'Varanda ou terraço privativo para os hóspedes.'),
('Churrasqueira', 'Churrasqueira para os hóspedes prepararem suas refeições ao ar livre.'),
('Cafeteira', 'Cafeteira disponível para os hóspedes prepararem café.'),
('Lavanderia', 'Lavanderia com máquina de lavar e secar disponível para os hóspedes.'),
('Aquecimento central', 'Sistema de aquecimento central para os meses mais frios.'),
('Secador de cabelo', 'Secador de cabelo disponível para os hóspedes.'),
('Roupas de cama e toalhas', 'Fornecimento de roupas de cama e toalhas para os hóspedes.'),
('Recepção 24 horas', NULL),
('Área de trabalho', 'Área de trabalho com mesa e cadeira para os hóspedes que precisam trabalhar durante a estadia.'),
('Lareira', 'Lareira para os hóspedes desfrutarem de um ambiente aconchegante nos meses mais frios.'),
('Kit de primeiros socorros', 'Kit de primeiros socorros disponível para emergências.'),
('Serviço de concierge', 'Serviço de concierge para ajudar os hóspedes com reservas e recomendações.'),
('Transporte para o aeroporto', 'Serviço de transporte para o aeroporto disponível mediante solicitação.'),
('Bicicletas para alugar', 'Bicicletas disponíveis para os hóspedes explorarem a área.'),
('Área de recreação infantil', 'Área de recreação infantil para as crianças se divertirem durante a estadia.'),
('Cama solteiro', 'Cama solteiro para garantir conforto durante a estadia de uma pessoa.;'),
('Cama casal', NULL),
('Cama queen size', 'Cama queen size para garantir um espaço confortável durante a estadia de um casal.;'),
('Cama king size', NULL),
('Quarto', NULL);

INSERT INTO Localizacao (Cidade, Estado, Pais, Bairro) VALUES
('São Paulo', 'São Paulo', 'Brasil', 'Jardins'),
('Rio de Janeiro', 'Rio de Janeiro', 'Brasil', 'Copacabana'),
('Nova York', 'Nova York', 'Estados Unidos', 'Manhattan'),
('Paris', 'Ile-de-France', 'França', 'Marais'),
('Londres', 'Inglaterra', 'Reino Unido', 'Kensington'),
('Tóquio', 'Tóquio', 'Japão', 'Shibuya'),
('Sydney', 'Nova Gales do Sul', 'Austrália', 'Bondi Beach'),
('Roma', 'Lácio', 'Itália', NULL),
('Berlim', 'Berlim', 'Alemanha', 'Mitte'),
('Barcelona', 'Catalunha', 'Espanha', 'Gràcia'),
('Amsterdã', 'Holanda do Norte', 'Países Baixos', 'Jordaan'),
('Bangkok', 'Bangkok', 'Tailândia', 'Sukhumvit'),
('Dubai', 'Dubai', 'Emirados Árabes Unidos', 'Downtown Dubai'),
('Cidade do Cabo', 'Cidade do Cabo', 'África do Sul', 'Waterfront'),
('Miami', 'Flórida', 'Estados Unidos', 'South Beach'),
('Toronto', 'Ontário', 'Canadá', NULL),
('Cancún', 'Quintana Roo', 'México', 'Zona Hotelera'),
('Buenos Aires', 'Buenos Aires', 'Argentina', 'Palermo'),
('Auckland', 'Auckland', 'Nova Zelândia', NULL),
('Seul', 'Seul', 'Coreia do Sul', 'Gangnam'),
('Praga', 'Praga', 'República Tcheca', 'Cidade Velha'),
('Hong Kong', 'Hong Kong', 'China', 'Central'),
('Viena', 'Viena', 'Áustria', NULL),
('Cairo', 'Cairo', 'Egito', 'Zamalek'),
('Munique', 'Baviera', 'Alemanha', 'Schwabing'),
('Singapura', 'Singapura', 'Singapura', 'Orchard Road'),
('Florença', 'Toscana', 'Itália', 'Santa Croce'),
('Budapeste', 'Budapeste', 'Hungria', 'Distrito V'),
('Moscou', 'Moscou', 'Rússia', NULL);

INSERT INTO Ponto_Interesse (Cidade, Estado, Pais, Nome, Descricao) VALUES 
('São Paulo', 'São Paulo', 'Brasil', 'Museu de Arte de São Paulo (MASP)', 'O MASP é um dos museus mais importantes do Brasil, conhecido por sua arquitetura moderna e sua vasta coleção de arte ocidental e brasileira.'),
('São Paulo', 'São Paulo', 'Brasil', 'Parque Trianon', 'Localizado no coração dos Jardins, o Parque Trianon é um refúgio verde em meio à selva de concreto de São Paulo, oferecendo trilhas para caminhada, área de piquenique e uma variedade de flora local.'),
('São Paulo', 'São Paulo', 'Brasil', 'Rua Oscar Freire', 'Esta rua é famosa por suas lojas de grife, boutiques de moda, galerias de arte e restaurantes sofisticados, sendo um destino imperdível para os amantes do luxo e da moda.'),
('São Paulo', 'São Paulo', 'Brasil', 'Casa das Rosas', 'Esta mansão histórica abriga um centro cultural dedicado à poesia, literatura e arte contemporânea, oferecendo exposições, eventos literários e um belo jardim de rosas para os visitantes desfrutarem.'),
('Rio de Janeiro', 'Rio de Janeiro', 'Brasil', 'Praia de Copacabana', NULL),
('Rio de Janeiro', 'Rio de Janeiro', 'Brasil', 'Calçadão de Copacabana', 'Experimente a vibrante vida noturna e os restaurantes à beira-mar do bairro de Copacabana no Rio de Janeiro, Brasil, a partir deste ponto de interesse.'),
('Rio de Janeiro', 'Rio de Janeiro', 'Brasil', 'Fortaleza de Copacabana', 'Visite os pontos turísticos icônicos, como o calçadão de Copacabana, a partir deste ponto de interesse no Rio de Janeiro, Brasil.'),
('Rio de Janeiro', 'Rio de Janeiro', 'Brasil', 'Mirante do Pão de Açúcar', 'Desfrute de uma vista panorâmica deslumbrante da Praia de Copacabana e da cidade do Rio de Janeiro a partir deste mirante localizado no topo do Pão de Açúcar.'),
('Nova York', 'Nova York', 'Estados Unidos', 'Central Park', 'Desfrute de um oásis verde no coração de Manhattan, onde você pode passear, andar de bicicleta, remar ou simplesmente relaxar.'),
('Nova York', 'Nova York', 'Estados Unidos', 'Times Square', 'Experimente a energia vibrante de Times Square, com seus letreiros luminosos, teatros da Broadway e uma infinidade de lojas e restaurantes.'),
('Nova York', 'Nova York', 'Estados Unidos', 'Empire State Building', 'Desfrute de uma vista deslumbrante da cidade de Nova York do topo deste famoso arranha-céu.'),
('Nova York', 'Nova York', 'Estados Unidos', 'Estátua da Liberdade', 'Visite um dos símbolos mais icônicos dos Estados Unidos e desfrute de vistas espetaculares do horizonte de Manhattan.'),
('Paris', 'Ile-de-France', 'França', 'Catedral de Notre-Dame', 'Explore esta obra-prima da arquitetura gótica e desfrute de vistas panorâmicas da cidade a partir de suas torres.'),
('Paris', 'Ile-de-France', 'França', 'Museu do Louvre', 'Descubra uma das maiores e mais importantes coleções de arte do mundo neste famoso museu.'),
('Paris', 'Ile-de-France', 'França', 'Torre Eiffel', 'Suba até o topo deste ícone parisiense para vistas espetaculares da cidade das luzes.'),
('Paris', 'Ile-de-France', 'França', 'Bairro Le Marais', 'Passeie pelas ruas de paralelepípedos deste bairro histórico, lar de galerias de arte, lojas da moda, cafés charmosos e arquitetura medieval.'),
('Londres', 'Inglaterra', 'Reino Unido', 'Palácio de Buckingham', NULL),
('Londres', 'Inglaterra', 'Reino Unido', 'Museu Britânico', 'Descubra tesouros da antiguidade e artefatos culturais de todo o mundo neste renomado museu.'),
('Londres', 'Inglaterra', 'Reino Unido', 'Tower Bridge', 'Visite esta icônica ponte levadiça e desfrute de vistas deslumbrantes do rio Tâmisa e do horizonte de Londres.'),
('Londres', 'Inglaterra', 'Reino Unido', 'Hyde Park', 'Relaxe neste famoso parque londrino, lar de lagos serenos, jardins bem cuidados e áreas de lazer ao ar livre.'),
('Tóquio', 'Tóquio', 'Japão', 'Shibuya Crossing', 'Testemunhe o caos organizado da interseção mais movimentada do mundo, onde milhares de pessoas atravessam a rua simultaneamente.'),
('Tóquio', 'Tóquio', 'Japão', 'Templo Meiji', 'Explore este santuário xintoísta tranquilo e sereno, escondido em uma floresta exuberante no coração de Tóquio.'),
('Tóquio', 'Tóquio', 'Japão', 'Parque Yoyogi', 'Relaxe neste espaçoso parque urbano, onde você pode fazer um piquenique, praticar esportes e observar artistas de rua e performances.'),
('Tóquio', 'Tóquio', 'Japão', 'Harajuku', 'Descubra esta área da moda famosa por suas lojas de rua, cafés temáticos e pela cultura de moda única dos jovens japoneses.'),
('Sydney', 'Nova Gales do Sul', 'Austrália', 'Bondi Beach', 'Desfrute de uma das praias mais famosas da Austrália, conhecida por suas ondas perfeitas para o surfe e sua atmosfera descontraída.'),
('Sydney', 'Nova Gales do Sul', 'Austrália', 'Opera House', 'Admire a icônica Opera House de Sydney, uma obra-prima arquitetônica e um dos símbolos mais reconhecidos da Austrália.'),
('Sydney', 'Nova Gales do Sul', 'Austrália', 'Harbour Bridge', 'Suba até o topo desta icônica ponte de Sydney para vistas panorâmicas da cidade e da Baía de Sydney.'),
('Sydney', 'Nova Gales do Sul', 'Austrália', 'Royal Botanic Garden', 'Explore este jardim botânico exuberante e diversificado, lar de uma vasta coleção de plantas nativas e exóticas.'),
('Roma', 'Lácio', 'Itália', 'Coliseu', 'Maravilhe-se com este antigo anfiteatro romano, um dos maiores e mais bem preservados do mundo, e uma das principais atrações turísticas de Roma.'),
('Roma', 'Lácio', 'Itália', 'Fontana di Trevi', 'Jogue uma moeda na famosa Fontana di Trevi para garantir o seu retorno a Roma e desfrute da beleza desta magnífica fonte barroca.'),
('Roma', 'Lácio', 'Itália', 'Vaticano', 'Visite o menor país do mundo, lar do Papa e de algumas das mais impressionantes obras de arte e arquitetura do mundo.'),
('Roma', 'Lácio', 'Itália', 'Piazza Navona', 'Explore esta pitoresca praça romana, lar de fontes espetaculares, esculturas antigas e cafés charmosos.'),
('Berlim', 'Berlim', 'Alemanha', 'Portão de Brandemburgo', 'Admire este famoso marco de Berlim, um símbolo de paz e unidade, e uma das principais atrações turísticas da cidade.'),
('Berlim', 'Berlim', 'Alemanha', 'Muro de Berlim', 'Explore os vestígios deste antigo símbolo da divisão entre o leste e o oeste, agora cobertos de arte de rua e mensagens de esperança.'),
('Berlim', 'Berlim', 'Alemanha', 'Museu da Ilha dos Museus', 'Descubra uma das maiores coleções de arte e artefatos culturais do mundo neste complexo de museus no coração de Berlim.'),
('Berlim', 'Berlim', 'Alemanha', 'Alexanderplatz', 'Visite esta vibrante praça berlinesa, lar de uma variedade de lojas, restaurantes, cafés e do icônico Relógio Mundial.'),
('Barcelona', 'Catalunha', 'Espanha', 'Sagrada Família', 'Admire esta extraordinária basílica inacabada de Antoni Gaudí, uma das obras mais reconhecíveis e emblemáticas de Barcelona.'),
('Barcelona', 'Catalunha', 'Espanha', 'Parc Güell', 'Explore este parque público único, projetado por Antoni Gaudí, que apresenta belos jardins, edifícios modernistas e vistas panorâmicas da cidade.'),
('Barcelona', 'Catalunha', 'Espanha', 'Las Ramblas', 'Passeie por esta famosa avenida de Barcelona, repleta de lojas, restaurantes, artistas de rua e uma atmosfera animada.'),
('Barcelona', 'Catalunha', 'Espanha', 'Bairro Gótico', 'Caminhe pelas ruas estreitas e sinuosas deste bairro histórico, lar de arquitetura medieval impressionante, praças pitorescas e charmosas boutiques.'),
('Amsterdã', 'Holanda do Norte', 'Países Baixos', 'Museu Van Gogh', 'Explore a maior coleção de obras de Vincent van Gogh, incluindo pinturas, desenhos e cartas, neste renomado museu.'),
('Amsterdã', 'Holanda do Norte', 'Países Baixos', 'Anne Frank House', 'Visite a casa onde Anne Frank se escondeu durante a Segunda Guerra Mundial e aprenda sobre sua vida e seu diário comovente.'),
('Amsterdã', 'Holanda do Norte', 'Países Baixos', 'Canais de Amsterdã', 'Faça um passeio de barco pelos belos canais de Amsterdã e admire as vistas dos edifícios históricos e da arquitetura pitoresca.'),
('Amsterdã', 'Holanda do Norte', 'Países Baixos', 'Mercado das Flores', 'Explore este mercado colorido, onde você pode encontrar uma variedade de flores frescas, plantas e souvenirs típicos dos Países Baixos.'),
('Bangkok', 'Bangkok', 'Tailândia', 'Templo do Buda Reclinado (Wat Pho)', 'Visite este famoso templo budista e admire a impressionante estátua de Buda reclinado, uma das maiores do mundo.'),
('Bangkok', 'Bangkok', 'Tailândia', 'Mercado Flutuante Damnoen Saduak', 'Explore este mercado pitoresco, onde vendedores locais vendem frutas frescas, vegetais e outras mercadorias diretamente de seus barcos.'),
('Bangkok', 'Bangkok', 'Tailândia', 'Grande Palácio de Bangkok', 'Maravilhe-se com a arquitetura deslumbrante deste complexo real, que abriga palácios, templos e salas cerimoniais.'),
('Bangkok', 'Bangkok', 'Tailândia', 'Bairro de Sukhumvit', 'Descubra este bairro moderno e cosmopolita, repleto de restaurantes, bares, lojas de grife e uma animada vida noturna.'),
('Dubai', 'Dubai', 'Emirados Árabes Unidos', 'Burj Khalifa', 'Suba até o topo deste arranha-céu icônico para vistas panorâmicas da cidade de Dubai e do Golfo Pérsico.'),
('Dubai', 'Dubai', 'Emirados Árabes Unidos', 'Dubai Mall', 'Explore um dos maiores shoppings do mundo, lar de uma infinidade de lojas de luxo, restaurantes, atrações e entretenimento.'),
('Dubai', 'Dubai', 'Emirados Árabes Unidos', 'Palm Jumeirah', 'Maravilhe-se com esta ilha artificial em forma de palmeira, lar de resorts de luxo, praias deslumbrantes e atrações exclusivas.'),
('Dubai', 'Dubai', 'Emirados Árabes Unidos', 'The Dubai Fountain', 'Assista a um espetáculo de luzes e águas dançantes nesta fonte coreografada, localizada ao lado do Burj Khalifa.'),
('Cidade do Cabo', 'Cidade do Cabo', 'África do Sul', 'Table Mountain', 'Suba até o topo desta montanha icônica para vistas panorâmicas deslumbrantes da Cidade do Cabo e da costa circundante.'),
('Cidade do Cabo', 'Cidade do Cabo', 'África do Sul', 'V&A Waterfront', 'Explore este famoso complexo à beira-mar, repleto de lojas, restaurantes, bares, teatros, galerias de arte e atrações turísticas.'),
('Cidade do Cabo', 'Cidade do Cabo', 'África do Sul', 'Robben Island', 'Visite esta ilha histórica, onde Nelson Mandela ficou preso por 18 anos, e aprenda sobre a história do apartheid na África do Sul.'),
('Cidade do Cabo', 'Cidade do Cabo', 'África do Sul', 'Cape Point', 'Explore esta península dramática, lar de falésias impressionantes, praias intocadas e uma variedade de flora e fauna.'),
('Miami', 'Flórida', 'Estados Unidos', 'Ocean Drive', 'Caminhe ao longo desta famosa avenida à beira-mar, lar de edifícios art déco coloridos, restaurantes à beira-mar e uma animada vida noturna.'),
('Miami', 'Flórida', 'Estados Unidos', 'Art Deco Historic District', 'Explore este bairro histórico, onde você pode admirar a arquitetura art déco preservada e participar de passeios a pé guiados.'),
('Miami', 'Flórida', 'Estados Unidos', 'Vizcaya Museum and Gardens', 'Descubra esta mansão histórica e seus jardins exuberantes, que oferecem vistas deslumbrantes da Baía de Biscayne e da cidade de Miami.'),
('Miami', 'Flórida', 'Estados Unidos', 'Wynwood Walls', 'Explore esta galeria a céu aberto de arte de rua vibrante e colorida, criada por artistas de todo o mundo.'),
('Toronto', 'Ontário', 'Canadá', 'CN Tower', 'Suba até o topo desta torre de comunicações para vistas panorâmicas de Toronto e do Lago Ontário.'),
('Toronto', 'Ontário', 'Canadá', 'Royal Ontario Museum', NULL),
('Toronto', 'Ontário', 'Canadá', 'Distillery District', 'Explore este bairro histórico, lar de edifícios vitorianos bem preservados, galerias de arte, lojas boutique e restaurantes charmosos.'),
('Toronto', 'Ontário', 'Canadá', 'High Park', 'Relaxe neste espaçoso parque urbano, onde você pode fazer caminhadas, piqueniques, andar de bicicleta e visitar um zoológico.'),
('Cancún', 'Quintana Roo', 'México', 'Playa Delfines', 'Desfrute de uma das praias mais bonitas de Cancún, conhecida por suas águas cristalinas e areias brancas.'),
('Cancún', 'Quintana Roo', 'México', 'Parque Nacional Costa Occidental de Isla Mujeres, Punta Cancún y Punta Nizuc', 'Explore este parque nacional protegido, onde você pode mergulhar, fazer snorkel e admirar a vida marinha diversificada.'),
('Cancún', 'Quintana Roo', 'México', 'Coco Bongo', 'Experimente a vida noturna vibrante de Cancún neste famoso clube, que oferece shows ao vivo, música, dança e entretenimento.'),
('Cancún', 'Quintana Roo', 'México', 'Mercado 28', 'Faça compras neste mercado popular, onde você pode encontrar uma variedade de souvenirs, artesanatos mexicanos, roupas e joias.'),
('Buenos Aires', 'Buenos Aires', 'Argentina', 'Recoleta Cemetery', 'Explore este cemitério histórico, onde você pode encontrar túmulos ornamentados, esculturas impressionantes e a sepultura de Eva Perón.'),
('Buenos Aires', 'Buenos Aires', 'Argentina', 'La Bombonera', 'Visite este famoso estádio de futebol, casa do Boca Juniors, e mergulhe na paixão argentina pelo futebol.'),
('Buenos Aires', 'Buenos Aires', 'Argentina', 'Café Tortoni', 'Desfrute de uma xícara de café neste café histórico, que remonta a 1858, e admire sua arquitetura art nouveau.'),
('Buenos Aires', 'Buenos Aires', 'Argentina', 'Jardim Japonês', 'Relaxe neste tranquilo jardim japonês, lar de lagos serenos, pontes de madeira e uma variedade de plantas exóticas.'),
('Auckland', 'Auckland', 'Nova Zelândia', 'Sky Tower', 'Suba até o topo desta torre de observação para vistas panorâmicas de Auckland e da paisagem circundante.'),
('Auckland', 'Auckland', 'Nova Zelândia', 'Auckland War Memorial Museum', 'Descubra a história e a cultura da Nova Zelândia neste museu, que abriga uma vasta coleção de artefatos e exposições.'),
('Auckland', 'Auckland', 'Nova Zelândia', 'Viaduct Harbour', 'Explore este porto animado, lar de bares, restaurantes, cafés e iates luxuosos.'),
('Auckland', 'Auckland', 'Nova Zelândia', 'Waiheke Island', 'Faça um passeio de ferry até esta ilha pitoresca, conhecida por suas vinícolas, praias deslumbrantes e trilhas para caminhada.'),
('Seul', 'Seul', 'Coreia do Sul', 'Palácio Gyeongbokgung', 'Explore este palácio real magnífico, lar de belos jardins, salas cerimoniais e um museu dedicado à história da Coreia.'),
('Seul', 'Seul', 'Coreia do Sul', 'Torre N Seoul', 'Suba até o topo desta torre de observação para vistas panorâmicas de Seul e do rio Han.'),
('Seul', 'Seul', 'Coreia do Sul', 'Bongeunsa Temple', 'Desfrute da tranquilidade deste templo budista, localizado no coração do distrito de Gangnam.'),
('Seul', 'Seul', 'Coreia do Sul', 'COEX Mall', 'Faça compras neste enorme shopping center, que abriga uma variedade de lojas, restaurantes, cinemas e atrações de entretenimento.'),
('Praga', 'Praga', 'República Tcheca', 'Praça da Cidade Velha', 'Explore esta pitoresca praça, lar da icônica Torre do Relógio Astronômico, da Igreja de Nossa Senhora de Týn e de belos edifícios históricos.'),
('Praga', 'Praga', 'República Tcheca', 'Ponte Carlos', 'Caminhe por esta famosa ponte medieval, adornada com estátuas barrocas e oferecendo vistas deslumbrantes do Castelo de Praga.'),
('Praga', 'Praga', 'República Tcheca', 'Castelo de Praga', 'Maravilhe-se com a arquitetura deslumbrante deste complexo real, que inclui a Catedral de São Vito, o Palácio Real e a Basílica de São Jorge.'),
('Praga', 'Praga', 'República Tcheca', 'Bairro Judeu', 'Explore este bairro histórico, lar de sinagogas antigas, o antigo cemitério judeu e uma variedade de lojas e restaurantes kosher.'),
('Hong Kong', 'Hong Kong', 'China', 'Victoria Peak', 'Suba até o ponto mais alto de Hong Kong para vistas panorâmicas deslumbrantes da cidade, do porto e das ilhas circundantes.'),
('Hong Kong', 'Hong Kong', 'China', 'Star Ferry', 'Faça uma viagem panorâmica através do porto de Victoria nesta histórica balsa de passageiros, que opera desde 1888.'),
('Hong Kong', 'Hong Kong', 'China', 'Lan Kwai Fong', 'Experimente a animada vida noturna de Hong Kong neste distrito de entretenimento, repleto de bares, restaurantes e clubes.'),
('Hong Kong', 'Hong Kong', 'China', 'Temple Street Night Market', 'Explore este mercado noturno animado, onde você pode encontrar uma variedade de produtos, desde roupas e acessórios até eletrônicos e souvenirs.'),
('Viena', 'Viena', 'Áustria', 'Palácio de Schönbrunn', 'Explore este magnífico palácio barroco, que foi a residência de verão da família imperial austríaca e é agora um importante ponto turístico.'),
('Viena', 'Viena', 'Áustria', 'Catedral de Santo Estêvão', 'Admire a arquitetura gótica deslumbrante desta catedral histórica, que é uma das mais importantes da Áustria.'),
('Viena', 'Viena', 'Áustria', 'Biblioteca Nacional Austríaca', 'Descubra uma vasta coleção de livros, manuscritos e documentos históricos neste impressionante edifício neoclássico.'),
('Viena', 'Viena', 'Áustria', 'Prater Park', 'Divirta-se neste parque de diversões histórico, lar da icônica roda-gigante de Viena e de uma variedade de atrações emocionantes.'),
('Cairo', 'Cairo', 'Egito', 'Pirâmides de Gizé', 'Maravilhe-se com estas antigas maravilhas do mundo, que incluem as pirâmides de Quéops, Quéfren e Miquerinos, e a Grande Esfinge.'),
('Cairo', 'Cairo', 'Egito', 'Museu Egípcio', 'Explore uma vasta coleção de artefatos e tesouros do Antigo Egito neste renomado museu.'),
('Cairo', 'Cairo', 'Egito', 'Cidadela do Cairo', 'Visite esta fortaleza medieval, que abriga mesquitas históricas, museus e uma vista panorâmica da cidade.'),
('Cairo', 'Cairo', 'Egito', 'Bairro de Zamalek', 'Descubra este bairro residencial tranquilo, lar de embaixadas estrangeiras, galerias de arte, restaurantes elegantes e parques pitorescos.'),
('Munique', 'Baviera', 'Alemanha', 'Marienplatz', 'Explore esta praça central de Munique, lar do famoso Glockenspiel e de belos edifícios históricos.'),
('Munique', 'Baviera', 'Alemanha', 'Hofbräuhaus', 'Desfrute de cerveja alemã autêntica e culinária tradicional bávara neste famoso beer hall de Munique.'),
('Munique', 'Baviera', 'Alemanha', 'Jardim Inglês', 'Relaxe neste grande parque urbano, onde você pode fazer caminhadas, andar de bicicleta e até surfar em seu rio artificial.'),
('Munique', 'Baviera', 'Alemanha', 'Pinakothek der Moderne', 'Descubra uma vasta coleção de arte moderna e contemporânea neste renomado museu de Munique.'),
('Singapura', 'Singapura', 'Singapura', 'Gardens by the Bay', 'Maravilhe-se com jardins exuberantes, árvores gigantes de superárvores, estufas de vidro e uma vista panorâmica da cidade.'),
('Singapura', 'Singapura', 'Singapura', 'Marina Bay Sands', NULL),
('Singapura', 'Singapura', 'Singapura', 'Merlion Park', 'Visite este parque à beira-mar, lar da icônica estátua do Merlion, que representa a identidade de Singapura como uma "cidade do leão".'),
('Singapura', 'Singapura', 'Singapura', 'Orchard Road', 'Faça compras em uma das principais áreas comerciais de Singapura, conhecida por seus shoppings de luxo, boutiques de moda e restaurantes sofisticados.'),
('Florença', 'Toscana', 'Itália', 'Catedral de Santa Maria del Fiore', 'Maravilhe-se com a arquitetura deslumbrante desta catedral renascentista, com sua cúpula de terracota e campanário.'),
('Florença', 'Toscana', 'Itália', 'Galleria degli Uffizi', 'Descubra uma das mais importantes galerias de arte do mundo, que abriga uma vasta coleção de obras-primas renascentistas.'),
('Florença', 'Toscana', 'Itália', 'Ponte Vecchio', 'Caminhe por esta famosa ponte medieval, lar de lojas de joias e ouro, e desfrute de vistas deslumbrantes do rio Arno e da cidade.'),
('Florença', 'Toscana', 'Itália', 'Basilica di Santa Croce', 'Visite esta basílica franciscana, onde estão enterrados alguns dos maiores nomes da história italiana, incluindo Michelangelo, Galileu e Maquiavel.'),
('Budapeste', 'Budapeste', 'Hungria', 'Castelo de Buda', 'Explore este antigo castelo real, que oferece vistas panorâmicas da cidade e abriga o Museu de História de Budapeste.'),
('Budapeste', 'Budapeste', 'Hungria', 'Parlamento Húngaro', 'Maravilhe-se com a arquitetura deslumbrante deste edifício neogótico, que é um dos maiores parlamentos do mundo.'),
('Budapeste', 'Budapeste', 'Hungria', 'Ponte das Correntes', NULL),
('Budapeste', 'Budapeste', 'Hungria', 'Rua Váci', 'Faça compras nesta rua de pedestres popular, lar de uma variedade de lojas, boutiques, cafés e restaurantes.'),
('Moscou', 'Moscou', 'Rússia', 'Catedral de São Basílio', 'Maravilhe-se com a arquitetura única desta catedral ortodoxa russa, com suas cúpulas coloridas e padrões intricados.'),
('Moscou', 'Moscou', 'Rússia', 'Kremlin de Moscou', 'Explore este complexo fortificado, que abriga palácios, catedrais e museus, e é o centro político e histórico da Rússia.'),
('Moscou', 'Moscou', 'Rússia', 'Museu Estatal de Belas Artes Pushkin', 'Descubra uma vasta coleção de arte russa e européia neste renomado museu.'),
('Moscou', 'Moscou', 'Rússia', 'Parque Zaryadye', 'Relaxe neste parque urbano contemporâneo, que oferece vistas panorâmicas do Kremlin e do rio Moscou, além de uma variedade de instalações e atrações.');

INSERT INTO Usuario (Nome, Sobrenome, Telefone, Tipo, Data_Nasc, Endereco, Sexo, Email, Senha, Cidade, Estado, Pais) VALUES
('Ana', 'Silva', '11987654321', 'Locatário', '1990-05-12', 'Rua A, 123', 'F', 'ana.silva@example.com', 'senha123', 'São Paulo', 'São Paulo', 'Brasil'),
('Carlos', 'Pereira', '21987654321', 'Ambos', '1985-08-22', 'Av. B, 456', 'M', 'carlos.pereira@example.com', 'senha456', 'Rio de Janeiro', 'Rio de Janeiro', 'Brasil'),
('Emily', 'Smith', '12987654321', 'Locatário', '1992-01-15', 'Street C, 789', 'F', 'emily.smith@example.com', 'senha789', 'Nova York', 'Nova York', 'Estados Unidos'),
('Jean', 'Dupont', '33987654321', 'Anfitrião', '1988-03-10', 'Rue D, 101', 'M', 'jean.dupont@example.com', 'senha101', 'Paris', 'Ile-de-France', 'França'),
('John', 'Doe', '44987654321', 'Locatário', '1995-07-30', 'Street E, 202', 'M', 'john.doe@example.com', 'senha202', 'Londres', 'Inglaterra', 'Reino Unido'),
('Hiroshi', 'Tanaka', '55987654321', 'Ambos', '1987-06-25', 'Chome F, 303', 'M', 'hiroshi.tanaka@example.com', 'senha303', 'Tóquio', 'Tóquio', 'Japão'),
('Sarah', 'Johnson', '66987654321', 'Locatário', '1991-09-14', 'Street G, 404', 'F', 'sarah.johnson@example.com', 'senha404', 'Sydney', 'Nova Gales do Sul', 'Austrália'),
('Luca', 'Rossi', '77987654321', 'Anfitrião', '1983-11-05', 'Via H, 505', 'M', 'luca.rossi@example.com', 'senha505', 'Roma', 'Lácio', 'Itália'),
('Hans', 'Müller', '88987654321', 'Locatário', '1996-12-18', 'Straße I, 606', 'M', 'hans.mueller@example.com', 'senha606', 'Berlim', 'Berlim', 'Alemanha'),
('Maria', 'Garcia', '99987654321', 'Anfitrião', '1984-02-28', 'Carrer J, 707', 'F', 'maria.garcia@example.com', 'senha707', 'Barcelona', 'Catalunha', 'Espanha'),
('Pieter', 'de Vries', '10987654321', 'Locatário', '1993-04-21', 'Straat K, 808', 'M', 'pieter.devries@example.com', 'senha808', 'Amsterdã', 'Holanda do Norte', 'Países Baixos'),
('Sompong', 'Siri', '11987654322', 'Anfitrião', '1986-05-15', 'Soi L, 909', 'M', 'sompong.siri@example.com', 'senha909', 'Bangkok', 'Bangkok', 'Tailândia'),
('Ahmed', 'Ali', '12987654322', 'Locatário', '1994-10-20', 'Street M, 1010', 'M', 'ahmed.ali@example.com', 'senha1010', 'Dubai', 'Dubai', 'Emirados Árabes Unidos'),
('Nadine', 'Naidoo', '13987654322', 'Anfitrião', '1989-07-19', 'Street N, 1111', 'F', 'nadine.naidoo@example.com', 'senha1111', 'Cidade do Cabo', 'Cidade do Cabo', 'África do Sul'),
('David', 'Brown', '14987654322', 'Locatário', '1997-06-10', 'Street O, 1212', 'M', 'david.brown@example.com', 'senha1212', 'Miami', 'Flórida', 'Estados Unidos'),
('Linda', 'Green', '15987654322', 'Anfitrião', '1982-11-23', 'Street P, 1313', 'F', 'linda.green@example.com', 'senha1313', 'Toronto', 'Ontário', 'Canadá'),
('Juan', 'Martinez', '16987654322', 'Locatário', '1990-09-07', 'Calle Q, 1414', 'M', 'juan.martinez@example.com', 'senha1414', 'Cancún', 'Quintana Roo', 'México'),
('Sofia', 'Gomez', '17987654322', 'Ambos', '1991-03-17', 'Calle R, 1515', 'F', 'sofia.gomez@example.com', 'senha1515', 'Buenos Aires', 'Buenos Aires', 'Argentina'),
('Oliver', 'Johnson', '18987654322', 'Locatário', '1985-12-08', 'Street S, 1616', 'M', 'oliver.johnson@example.com', 'senha1616', 'Auckland', 'Auckland', 'Nova Zelândia'),
('Jisoo', 'Kim', '19987654322', 'Ambos', '1987-04-02', 'Street T, 1717', 'F', 'jisoo.kim@example.com', 'senha1717', 'Seul', 'Seul', 'Coreia do Sul'),
('Jan', 'Novak', '20987654322', 'Locatário', '1992-11-26', 'Street U, 1818', 'M', 'jan.novak@example.com', 'senha1818', 'Praga', 'Praga', 'República Tcheca'),
('Wei', 'Li', '21987654322', 'Anfitrião', '1989-05-13', 'Street V, 1919', 'M', 'wei.li@example.com', 'senha1919', 'Hong Kong', 'Hong Kong', 'China'),
('Anna', 'Huber', '22987654322', 'Locatário', '1994-08-09', 'Straße W, 2020', 'F', 'anna.huber@example.com', 'senha2020', 'Viena', 'Viena', 'Áustria'),
('Mohamed', 'Hassan', '23987654322', 'Anfitrião', '1983-07-29', 'Street X, 2121', 'M', 'mohamed.hassan@example.com', 'senha2121', 'Cairo', 'Cairo', 'Egito'),
('Paul', 'Schmidt', '24987654322', 'Locatário', '1986-03-18', 'Straße Y, 2222', 'M', 'paul.schmidt@example.com', 'senha2222', 'Munique', 'Baviera', 'Alemanha'),
('Alicia', 'Clark', '25987654322', 'Anfitrião', '1991-08-12', 'Street Z, 2323', 'F', 'alicia.clark@example.com', 'senha2323', 'Singapura', 'Singapura', 'Singapura'),
('Francesco', 'Bianchi', '26987654322', 'Locatário', '1987-11-30', 'Via AA, 2424', 'M', 'francesco.bianchi@example.com', 'senha2424', 'Florença', 'Toscana', 'Itália'),
('Erik', 'Nagy', '27987654322', 'Ambos', '1995-02-17', 'Street BB, 2525', 'M', 'erik.nagy@example.com', 'senha2525', 'Budapeste', 'Budapeste', 'Hungria'),
('Anastasia', 'Ivanova', '28987654322', 'Locatário', '1990-05-09', 'Street CC, 2626', 'F', 'anastasia.ivanova@example.com', 'senha2626', 'Moscou', 'Moscou', 'Rússia'),
('Laura', 'Costa', '29987654322', 'Anfitrião', '1993-06-19', 'Street DD, 2727', 'F', 'laura.costa@example.com', 'senha2727', 'São Paulo', 'São Paulo', 'Brasil'),
('Rafael', 'Lima', '30987654322', 'Locatário', '1988-12-24', 'Av. EE, 2828', 'M', 'rafael.lima@example.com', 'senha2828', 'Rio de Janeiro', 'Rio de Janeiro', 'Brasil'),
('Victoria', 'Jones', '31987654322', 'Anfitrião', '1994-09-13', 'Street FF, 2929', 'F', 'victoria.jones@example.com', 'senha2929', 'Nova York', 'Nova York', 'Estados Unidos'),
('Claude', 'Leroy', '32987654322', 'Locatário', '1985-01-21', 'Rue GG, 3030', 'M', 'claude.leroy@example.com', 'senha3030', 'Paris', 'Ile-de-France', 'França'),
('George', 'Williams', '33987654322', 'Ambos', '1992-03-05', 'Street HH, 3131', 'M', 'george.williams@example.com', 'senha3131', 'Londres', 'Inglaterra', 'Reino Unido'),
('Yuki', 'Yamamoto', '34987654322', 'Locatário', '1989-10-11', 'Chome II, 3232', 'F', 'yuki.yamamoto@example.com', 'senha3232', 'Tóquio', 'Tóquio', 'Japão'),
('Ethan', 'Davis', '35987654322', 'Anfitrião', '1991-07-25', 'Street JJ, 3333', 'M', 'ethan.davis@example.com', 'senha3333', 'Sydney', 'Nova Gales do Sul', 'Austrália'),
('Giulia', 'Bruni', '36987654322', 'Locatário', '1996-04-14', 'Via KK, 3434', 'F', 'giulia.bruni@example.com', 'senha3434', 'Roma', 'Lácio', 'Itália'),
('Felix', 'Schneider', '37987654322', 'Anfitrião', '1987-12-03', 'Straße LL, 3535', 'M', 'felix.schneider@example.com', 'senha3535', 'Berlim', 'Berlim', 'Alemanha'),
('Isabel', 'Rodriguez', '38987654322', 'Locatário', '1990-02-22', 'Carrer MM, 3636', 'F', 'isabel.rodriguez@example.com', 'senha3636', 'Barcelona', 'Catalunha', 'Espanha'),
('Johan', 'van Dijk', '39987654322', 'Anfitrião', '1993-06-06', 'Straat NN, 3737', 'M', 'johan.vandijk@example.com', 'senha3737', 'Amsterdã', 'Holanda do Norte', 'Países Baixos');

INSERT INTO Conta_Bancaria (Nome_Anf, Sobrenome_Anf, Tel_Anf, Numero_Conta, Tipo, Numero_Roteamento) VALUES
('Carlos', 'Pereira', '21987654321', '1001001001', 'Corrente', '001'),
('Jean', 'Dupont', '33987654321', '1001001002', 'Poupança', '002'),
('Hiroshi', 'Tanaka', '55987654321', '1001001003', 'Corrente', '003'),
('Luca', 'Rossi', '77987654321', '1001001004', 'Poupança', '004'),
('Maria', 'Garcia', '99987654321', '1001001005', 'Corrente', '005'),
('Sompong', 'Siri', '11987654322', '1001001006', 'Poupança', '006'),
('Nadine', 'Naidoo', '13987654322', '1001001007', 'Corrente', '007'),
('Linda', 'Green', '15987654322', '1001001008', 'Poupança', '008'),
('Sofia', 'Gomez', '17987654322', '1001001009', 'Corrente', '009'),
('Jisoo', 'Kim', '19987654322', '1001001010', 'Poupança', '010'),
('Wei', 'Li', '21987654322', '1001001011', 'Corrente', '011'),
('Mohamed', 'Hassan', '23987654322', '1001001012', 'Poupança', '012'),
('Alicia', 'Clark', '25987654322', '1001001013', 'Corrente', '013'),
('Erik', 'Nagy', '27987654322', '1001001014', 'Poupança', '014'),
('Laura', 'Costa', '29987654322', '1001001015', 'Corrente', '015'),
('Victoria', 'Jones', '31987654322', '1001001016', 'Poupança', '016'),
('George', 'Williams', '33987654322', '1001001017', 'Corrente', '017'),
('Ethan', 'Davis', '35987654322', '1001001018', 'Poupança', '018'),
('Felix', 'Schneider', '37987654322', '1001001019', 'Corrente', '019'),
('Johan', 'van Dijk', '39987654322', '1001001020', 'Poupança', '020');

INSERT INTO Propriedade (Nome, Endereco, Tipo, Forma_Uso, Preco_Noite, Numero_Banheiros, Numero_Quartos, Min_Noites, Max_Noites, Taxa_Limpeza, Maximo_Hospedes, Nome_Anf, Sobrenome_Anf, Tel_Anf, Cidade, Estado, Pais, Data_Inicial, Data_Final) VALUES 
('Casa de Luxo em Jardins', 'Av. Paulista, 123', 'Casa', NULL, 400, 4, 5, 2, 15, 80, 8, 'Carlos', 'Pereira', '21987654321', 'São Paulo', 'São Paulo', 'Brasil', '2024-07-01 19:10:25', '2024-07-15 19:10:25'),
('Apartamento com Vista para o Mar em Copacabana', 'Av. Atlântica, 789', 'Casa', NULL, 300, 3, 4, 2, 20, 90, 6, 'Carlos', 'Pereira', '21987654321', 'Rio de Janeiro', 'Rio de Janeiro', 'Brasil', '2024-07-20 19:10:25', '2024-08-05 19:10:25'),
('Penthouse de Luxo em Manhattan', 'Fifth Avenue, 456', 'Casa', NULL, 600, 4, 6, 2, 25, 120, 10, 'Jean', 'Dupont', '33987654321', 'Nova York', 'Nova York', 'Estados Unidos', '2024-08-10 19:10:25', '2024-09-05 19:10:25'),
('Estúdio no Coração de Paris', 'Rue de Rivoli, 123', 'Quarto', 'Individual', 250, 1, 1, 1, 7, 40, 2, 'Jean', 'Dupont', '33987654321', 'Paris', 'Ile-de-France', 'França', '2016-09-10 19:10:25', '2016-09-20 19:10:25'),
('Casa Típica em Kensington', 'Kensington Gardens, 789', 'Quarto', 'Individual', 350, 3, 1, 2, 20, 100, 8, 'Jean', 'Dupont', '33987654321', 'Londres', 'Inglaterra', 'Reino Unido', '2016-10-01 19:10:25', '2016-10-20 19:10:25'),
('Apartamento Moderno em Shibuya', 'Shibuya Crossing, 456', 'Casa', NULL, 280, 2, 3, 2, 15, 70, 6, 'Hiroshi', 'Tanaka', '55987654321', 'Tóquio', 'Tóquio', 'Japão', '2018-07-05 19:10:25', '2018-07-20 19:10:25'),
('Casa de Praia em Bondi Beach', 'Campbell Parade, 123', 'Quarto', 'Compartilhado', 350, 4, 1, 2, 25, 100, 8, 'Hiroshi', 'Tanaka', '55987654321', 'Sydney', 'Nova Gales do Sul', 'Austrália', '2018-07-25 19:10:25', '2018-08-15 19:10:25'),
('Apartamento no Centro de Berlim', 'Friedrichstraße, 789', 'Quarto', 'Compartilhado', 220, 2, 1, 1, 10, 45, 4, 'Hiroshi', 'Tanaka', '55987654321', 'Berlim', 'Berlim', 'Alemanha', '2016-08-20 19:10:25', '2016-09-05 19:10:25'),
('Apartamento com Terraço em Gràcia', 'Carrer Gran de Gràcia, 456', 'Quarto', 'Compartilhado', 180, 1, 1, 1, 7, 30, 2, 'Maria', 'Garcia', '99987654321', 'Barcelona', 'Catalunha', 'Espanha', '2016-09-10 19:10:25', '2016-09-20 19:10:25'),
('Apartamento com Vista Canal em Jordaan', 'Prinsengracht, 123', 'Quarto', 'Compartilhado', 220, 2, 1, 2, 12, 50, 6, 'Maria', 'Garcia', '99987654321', 'Amsterdã', 'Holanda do Norte', 'Países Baixos', '2016-09-25 19:10:25', '2016-10-10 19:10:25'),
('Bangalô de Luxo em Sukhumvit', 'Sukhumvit Road, 789', 'Quarto', 'Compartilhado', 450, 3, 1, 2, 15, 80, 6, 'Sompong', 'Siri', '11987654322', 'Bangkok', 'Bangkok', 'Tailândia', '2016-07-05 19:10:25', '2016-07-20 19:10:25'),
('Apartamento com Vista para o Mar em Downtown Dubai', 'Burj Khalifa Street, 456', 'Casa', NULL, 600, 4, 5, 2, 20, 90, 8, 'Sompong', 'Siri', '11987654322', 'Dubai', 'Dubai', 'Emirados Árabes Unidos', '2016-08-01 19:10:25', '2016-08-20 19:10:25'),
('Casa à Beira-Mar em Waterfront', 'Beach Road, 123', 'Casa', NULL, 500, 5, 6, 3, 25, 100, 10, 'Nadine', 'Naidoo', '13987654322', 'Cidade do Cabo', 'Cidade do Cabo', 'África do Sul', '2016-08-25 19:10:25', '2016-09-10 19:10:25'),
('Casa de Campo em South Beach', 'Ocean Drive, 789', 'Casa', NULL, 350, 4, 5, 2, 15, 70, 8, 'Nadine', 'Naidoo', '13987654322', 'Miami', 'Flórida', 'Estados Unidos', '2024-09-15 19:10:25', '2024-09-30 19:10:25'),
('Casa à Beira-Mar em Zona Hotelera', 'Boulevard Kukulcan, 456', 'Casa', NULL, 400, 4, 5, 2, 20, 90, 8, 'Nadine', 'Naidoo', '13987654322', 'Cancún', 'Quintana Roo', 'México', '2024-10-01 19:10:25', '2024-10-20 19:10:25'),
('Apartamento Moderno em Palermo', 'Avenida Santa Fe, 123', 'Quarto', 'Compartilhado', 250, 2, 1, 1, 10, 45, 4, 'Sofia', 'Gomez', '17987654322', 'Buenos Aires', 'Buenos Aires', 'Argentina', '2024-07-01 19:10:25', '2024-07-15 19:10:25'),
('Apartamento com Vista para o Mar em Seul', 'Haeundae Beach Road, 789', 'Quarto', 'Individual', 300, 3, 1, 2, 15, 70, 6, 'Jisoo', 'Kim', '19987654322', 'Seul', 'Seul', 'Coreia do Sul', '2024-07-20 19:10:25', '2024-08-05 19:10:25'),
('Estúdio no Centro de Praga', 'Na Příkopě, 456', 'Quarto', 'Individual', 200, 1, 1, 1, 7, 40, 2, 'Jisoo', 'Kim', '19987654322', 'Praga', 'Praga', 'República Tcheca', '2024-08-10 19:10:25', '2024-08-20 19:10:25'),
('Apartamento com Vista para o Porto em Central', 'Harbour Road, 123', 'Casa', NULL, 280, 2, 3, 2, 12, 50, 6, 'Wei', 'Li', '21987654322', 'Hong Kong', 'Hong Kong', 'China', '2024-08-25 19:10:25', '2024-09-10 19:10:25'),
('Apartamento com Vista para o Nilo em Zamalek', 'Corniche El Nile, 789', 'Casa', NULL, 350, 3, 4, 2, 15, 70, 6, 'Mohamed', 'Hassan', '23987654322', 'Cairo', 'Cairo', 'Egito', '2024-09-15 19:10:25', '2024-09-30 19:10:25'),
('Apartamento de Luxo em Orchard Road', 'Scotts Road, 123', 'Casa', NULL, 450, 4, 5, 2, 25, 100, 10, 'Alicia', 'Clark', '25987654322', 'Singapura', 'Singapura', 'Singapura', '2024-10-25 19:10:25', '2024-11-10 19:10:25'),
('Estúdio no Centro de Budapeste', 'Andrássy Avenue, 789', 'Casa', NULL, 200, 1, 1, 1, 10, 45, 4, 'Erik', 'Nagy', '27987654322', 'Budapeste', 'Budapeste', 'Hungria', '2024-11-01 19:10:25', '2024-11-10 19:10:25'),
('Apartamento com Vista para o Parque em Gràcia', 'Avinguda Diagonal, 789', 'Quarto', 'Compartilhado', 300, 2, 1, 2, 15, 70, 6, 'Maria', 'Garcia', '99987654321', 'Barcelona', 'Catalunha', 'Espanha', '2016-08-25 19:10:25', '2016-09-10 19:10:25'),
('Casa de Campo em Kensington', 'Kensington Palace Gardens, 456', 'Quarto', 'Individual', 500, 5, 1, 3, 25, 100, 10, 'Jean', 'Dupont', '33987654321', 'Londres', 'Inglaterra', 'Reino Unido', '2016-09-15 19:10:25', '2016-09-30 19:10:25'),
('Apartamento de Luxo em Copacabana', 'Av. Nossa Senhora de Copacabana, 123', 'Quarto', 'Individual', 450, 4, 1, 2, 20, 90, 8, 'Carlos', 'Pereira', '21987654321', 'Rio de Janeiro', 'Rio de Janeiro', 'Brasil', '2016-10-01 19:10:25', '2016-10-20 19:10:25'),
('Estúdio no Centro de Roma', 'Via del Corso, 456', 'Quarto', 'Individual', 200, 1, 1, 1, 7, 40, 2, 'Luca', 'Rossi', '77987654321', 'Roma', 'Lácio', 'Itália', '2020-11-01 19:10:25', '2020-11-10 19:10:25'),
('Casa de Praia em Bondi Beach', 'Campbell Parade, 456', 'Quarto', 'Individual', 350, 4, 1, 2, 25, 100, 8, 'Hiroshi', 'Tanaka', '55987654321', 'Sydney', 'Nova Gales do Sul', 'Austrália', '2020-11-15 19:10:25', '2020-11-30 19:10:25'),
('Apartamento Moderno em Manhattan', 'Broadway, 123', 'Quarto', 'Individual', 550, 3, 1, 2, 15, 70, 6, 'George', 'Williams', '33987654322', 'Nova York', 'Nova York', 'Estados Unidos', '2020-12-01 19:10:25', '2020-12-15 19:10:25');

INSERT INTO Propriedade_Regra (Nome_Prop, Endereco_Prop, Regra) VALUES 
('Casa de Luxo em Jardins', 'Av. Paulista, 123', 1),
('Casa de Luxo em Jardins', 'Av. Paulista, 123', 3),
('Casa de Luxo em Jardins', 'Av. Paulista, 123', 5),
('Casa de Luxo em Jardins', 'Av. Paulista, 123', 7),
('Casa de Luxo em Jardins', 'Av. Paulista, 123', 11),
('Casa de Luxo em Jardins', 'Av. Paulista, 123', 25),
('Casa de Luxo em Jardins', 'Av. Paulista, 123', 27),
('Apartamento com Vista para o Mar em Copacabana', 'Av. Atlântica, 789', 2),
('Apartamento com Vista para o Mar em Copacabana', 'Av. Atlântica, 789', 4),
('Apartamento com Vista para o Mar em Copacabana', 'Av. Atlântica, 789', 10),
('Apartamento com Vista para o Mar em Copacabana', 'Av. Atlântica, 789', 16),
('Apartamento com Vista para o Mar em Copacabana', 'Av. Atlântica, 789', 26),
('Apartamento com Vista para o Mar em Copacabana', 'Av. Atlântica, 789', 28),
('Penthouse de Luxo em Manhattan', 'Fifth Avenue, 456', 1),
('Penthouse de Luxo em Manhattan', 'Fifth Avenue, 456', 2),
('Penthouse de Luxo em Manhattan', 'Fifth Avenue, 456', 3),
('Penthouse de Luxo em Manhattan', 'Fifth Avenue, 456', 4),
('Penthouse de Luxo em Manhattan', 'Fifth Avenue, 456', 5),
('Penthouse de Luxo em Manhattan', 'Fifth Avenue, 456', 11),
('Penthouse de Luxo em Manhattan', 'Fifth Avenue, 456', 27),
('Penthouse de Luxo em Manhattan', 'Fifth Avenue, 456', 28),
('Estúdio no Coração de Paris', 'Rue de Rivoli, 123', 5),
('Estúdio no Coração de Paris', 'Rue de Rivoli, 123', 15),
('Estúdio no Coração de Paris', 'Rue de Rivoli, 123', 20),
('Estúdio no Coração de Paris', 'Rue de Rivoli, 123', 25),
('Estúdio no Coração de Paris', 'Rue de Rivoli, 123', 28),
('Casa Típica em Kensington', 'Kensington Gardens, 789', 1),
('Casa Típica em Kensington', 'Kensington Gardens, 789', 4),
('Casa Típica em Kensington', 'Kensington Gardens, 789', 6),
('Casa Típica em Kensington', 'Kensington Gardens, 789', 8),
('Casa Típica em Kensington', 'Kensington Gardens, 789', 23),
('Casa Típica em Kensington', 'Kensington Gardens, 789', 26),
('Apartamento Moderno em Shibuya', 'Shibuya Crossing, 456', 2),
('Apartamento Moderno em Shibuya', 'Shibuya Crossing, 456', 5),
('Apartamento Moderno em Shibuya', 'Shibuya Crossing, 456', 8),
('Apartamento Moderno em Shibuya', 'Shibuya Crossing, 456', 20),
('Apartamento Moderno em Shibuya', 'Shibuya Crossing, 456', 23),
('Apartamento Moderno em Shibuya', 'Shibuya Crossing, 456', 26),
('Casa de Praia em Bondi Beach', 'Campbell Parade, 123', 3),
('Casa de Praia em Bondi Beach', 'Campbell Parade, 123', 7),
('Casa de Praia em Bondi Beach', 'Campbell Parade, 123', 10),
('Casa de Praia em Bondi Beach', 'Campbell Parade, 123', 22),
('Casa de Praia em Bondi Beach', 'Campbell Parade, 123', 25),
('Apartamento com Terraço em Gràcia', 'Carrer Gran de Gràcia, 456', 2),
('Apartamento com Terraço em Gràcia', 'Carrer Gran de Gràcia, 456', 4),
('Apartamento com Terraço em Gràcia', 'Carrer Gran de Gràcia, 456', 6),
('Apartamento com Terraço em Gràcia', 'Carrer Gran de Gràcia, 456', 8),
('Apartamento com Terraço em Gràcia', 'Carrer Gran de Gràcia, 456', 10),
('Apartamento com Terraço em Gràcia', 'Carrer Gran de Gràcia, 456', 20),
('Apartamento com Vista Canal em Jordaan', 'Prinsengracht, 123', 2),
('Apartamento com Vista Canal em Jordaan', 'Prinsengracht, 123', 3),
('Apartamento com Vista Canal em Jordaan', 'Prinsengracht, 123', 5),
('Apartamento com Vista Canal em Jordaan', 'Prinsengracht, 123', 16),
('Apartamento com Vista Canal em Jordaan', 'Prinsengracht, 123', 18),
('Apartamento com Vista Canal em Jordaan', 'Prinsengracht, 123', 20),
('Bangalô de Luxo em Sukhumvit', 'Sukhumvit Road, 789', 2),
('Bangalô de Luxo em Sukhumvit', 'Sukhumvit Road, 789', 4),
('Bangalô de Luxo em Sukhumvit', 'Sukhumvit Road, 789', 6),
('Apartamento com Vista para o Mar em Downtown Dubai', 'Burj Khalifa Street, 456', 3),
('Apartamento com Vista para o Mar em Downtown Dubai', 'Burj Khalifa Street, 456', 6),
('Apartamento com Vista para o Mar em Downtown Dubai', 'Burj Khalifa Street, 456', 9),
('Casa à Beira-Mar em Waterfront', 'Beach Road, 123', 4),
('Casa à Beira-Mar em Waterfront', 'Beach Road, 123', 8),
('Casa à Beira-Mar em Waterfront', 'Beach Road, 123', 12),
('Casa de Campo em South Beach', 'Ocean Drive, 789', 3),
('Casa de Campo em South Beach', 'Ocean Drive, 789', 6),
('Casa de Campo em South Beach', 'Ocean Drive, 789', 9),
('Casa à Beira-Mar em Zona Hotelera', 'Boulevard Kukulcan, 456', 4),
('Casa à Beira-Mar em Zona Hotelera', 'Boulevard Kukulcan, 456', 8),
('Casa à Beira-Mar em Zona Hotelera', 'Boulevard Kukulcan, 456', 12),
('Apartamento Moderno em Palermo', 'Avenida Santa Fe, 123', 3),
('Apartamento Moderno em Palermo', 'Avenida Santa Fe, 123', 6),
('Apartamento Moderno em Palermo', 'Avenida Santa Fe, 123', 9),
('Apartamento com Vista para o Mar em Seul', 'Haeundae Beach Road, 789', 2),
('Apartamento com Vista para o Mar em Seul', 'Haeundae Beach Road, 789', 4),
('Apartamento com Vista para o Mar em Seul', 'Haeundae Beach Road, 789', 6),
('Estúdio no Centro de Praga', 'Na Příkopě, 456', 3),
('Estúdio no Centro de Praga', 'Na Příkopě, 456', 6),
('Estúdio no Centro de Praga', 'Na Příkopě, 456', 9),
('Apartamento com Vista para o Porto em Central', 'Harbour Road, 123', 4),
('Apartamento com Vista para o Porto em Central', 'Harbour Road, 123', 8),
('Apartamento com Vista para o Porto em Central', 'Harbour Road, 123', 12);

INSERT INTO Propriedade_Comodidade (Nome_Prop, Endereco_Prop, Comodidade, Tipo, Quantidade) VALUES 
('Casa de Luxo em Jardins', 'Av. Paulista, 123', 1, 'Entretenimento e Conectividade', 2),
('Casa de Luxo em Jardins', 'Av. Paulista, 123', 2, 'Climatização', 3),
('Casa de Luxo em Jardins', 'Av. Paulista, 123', 4, 'Cômodo', 1),
('Casa de Luxo em Jardins', 'Av. Paulista, 123', 5, 'Entretenimento e Conectividade', 2),
('Apartamento com Vista para o Mar em Copacabana', 'Av. Atlântica, 789', 1, 'Entretenimento e Conectividade', 1),
('Apartamento com Vista para o Mar em Copacabana', 'Av. Atlântica, 789', 3, 'Entretenimento e Conectividade', 3),
('Apartamento com Vista para o Mar em Copacabana', 'Av. Atlântica, 789', 6, 'Facilidades da Propriedade', 2),
('Apartamento com Vista para o Mar em Copacabana', 'Av. Atlântica, 789', 7, 'Serviços e Conveniência', 1),
('Penthouse de Luxo em Manhattan', 'Fifth Avenue, 456', 2, 'Entretenimento e Conectividade', 3),
('Penthouse de Luxo em Manhattan', 'Fifth Avenue, 456', 3, 'Entretenimento e Conectividade', 2),
('Penthouse de Luxo em Manhattan', 'Fifth Avenue, 456', 8, 'Facilidades da Propriedade', 1),
('Penthouse de Luxo em Manhattan', 'Fifth Avenue, 456', 9, 'Serviços e Conveniência', 3),
('Estúdio no Coração de Paris', 'Rue de Rivoli, 123', 1, 'Entretenimento e Conectividade', 1),
('Estúdio no Coração de Paris', 'Rue de Rivoli, 123', 10, 'Serviços e Conveniência', 2),
('Estúdio no Coração de Paris', 'Rue de Rivoli, 123', 16, 'Facilidades da Propriedade', 3),
('Estúdio no Coração de Paris', 'Rue de Rivoli, 123', 23, 'Cama e Banho', 1), 
('Casa Típica em Kensington', 'Kensington Gardens, 789', 7, 'Serviços e Conveniência', 2),
('Casa Típica em Kensington', 'Kensington Gardens, 789', 11, 'Acessibilidade', 1),
('Casa Típica em Kensington', 'Kensington Gardens, 789', 18, 'Cama e Banho', 2),
('Casa Típica em Kensington', 'Kensington Gardens, 789', 22, 'Cômodo', 3),
('Apartamento Moderno em Shibuya', 'Shibuya Crossing, 456', 1, 'Entretenimento e Conectividade', 2),
('Apartamento Moderno em Shibuya', 'Shibuya Crossing, 456', 11, 'Acessibilidade', 3),
('Apartamento Moderno em Shibuya', 'Shibuya Crossing, 456', 15, 'Características da Acomodação', 1),
('Apartamento Moderno em Shibuya', 'Shibuya Crossing, 456', 18, 'Cama e Banho', 2),
('Casa de Praia em Bondi Beach', 'Campbell Parade, 123', 1, 'Entretenimento e Conectividade', 1),
('Casa de Praia em Bondi Beach', 'Campbell Parade, 123', 5, 'Entretenimento e Conectividade', 2),
('Casa de Praia em Bondi Beach', 'Campbell Parade, 123', 12, 'Facilidades da Propriedade', 3),
('Casa de Praia em Bondi Beach', 'Campbell Parade, 123', 25, 'Cama e Banho', 1),
('Apartamento no Centro de Berlim', 'Friedrichstraße, 789', 1, 'Entretenimento e Conectividade', 3),
('Apartamento no Centro de Berlim', 'Friedrichstraße, 789', 7, 'Serviços e Conveniência', 1),
('Apartamento no Centro de Berlim', 'Friedrichstraße, 789', 19, 'Facilidades da Propriedade', 2),
('Apartamento no Centro de Berlim', 'Friedrichstraße, 789', 23, 'Cama e Banho', 3),
('Apartamento com Terraço em Gràcia', 'Carrer Gran de Gràcia, 456', 1, 'Entretenimento e Conectividade', 2),
('Apartamento com Terraço em Gràcia', 'Carrer Gran de Gràcia, 456', 5, 'Entretenimento e Conectividade', 1),
('Apartamento com Terraço em Gràcia', 'Carrer Gran de Gràcia, 456', 20, 'Serviços e Conveniência', 3),
('Apartamento com Terraço em Gràcia', 'Carrer Gran de Gràcia, 456', 21, 'Cômodo', 2), 
('Apartamento com Vista Canal em Jordaan', 'Prinsengracht, 123', 1, 'Entretenimento e Conectividade', 1),
('Apartamento com Vista Canal em Jordaan', 'Prinsengracht, 123', 5, 'Entretenimento e Conectividade', 3),
('Apartamento com Vista Canal em Jordaan', 'Prinsengracht, 123', 13, 'Facilidades da Propriedade', 2),
('Apartamento com Vista Canal em Jordaan', 'Prinsengracht, 123', 27, 'Cama e Banho', 1),
('Apartamento com Vista para o Mar em Downtown Dubai', 'Burj Khalifa Street, 456', 1, 'Entretenimento e Conectividade', 3),
('Apartamento com Vista para o Mar em Downtown Dubai', 'Burj Khalifa Street, 456', 5, 'Entretenimento e Conectividade', 2),
('Apartamento com Vista para o Mar em Downtown Dubai', 'Burj Khalifa Street, 456', 14, 'Facilidades da Propriedade', 1),
('Apartamento com Vista para o Mar em Downtown Dubai', 'Burj Khalifa Street, 456', 27, 'Cama e Banho', 3),
('Casa à Beira-Mar em Waterfront', 'Beach Road, 123', 1, 'Entretenimento e Conectividade', 1),
('Casa à Beira-Mar em Waterfront', 'Beach Road, 123', 5, 'Entretenimento e Conectividade', 3),
('Casa à Beira-Mar em Waterfront', 'Beach Road, 123', 12, 'Facilidades da Propriedade', 2),
('Casa à Beira-Mar em Waterfront', 'Beach Road, 123', 30, 'Cama e Banho', 1),
('Casa de Campo em South Beach', 'Ocean Drive, 789', 1, 'Entretenimento e Conectividade', 2),
('Casa de Campo em South Beach', 'Ocean Drive, 789', 11, 'Facilidades da Propriedade', 3),
('Casa de Campo em South Beach', 'Ocean Drive, 789', 22, 'Cama e Banho', 1),
('Casa de Campo em South Beach', 'Ocean Drive, 789', 32, 'Cama e Banho', 2),
('Casa à Beira-Mar em Zona Hotelera', 'Boulevard Kukulcan, 456', 1, 'Entretenimento e Conectividade', 3),
('Casa à Beira-Mar em Zona Hotelera', 'Boulevard Kukulcan, 456', 5, 'Entretenimento e Conectividade', 1),
('Casa à Beira-Mar em Zona Hotelera', 'Boulevard Kukulcan, 456', 8, 'Serviços e Conveniência', 2),
('Casa à Beira-Mar em Zona Hotelera', 'Boulevard Kukulcan, 456', 33, 'Cama e Banho', 3);

INSERT INTO Avaliacao (Timestamp, Nota_Limpeza, Nota_Comunicacao, Nota_Localizacao, Nota_Preco, Mensagem) VALUES
('2024-08-01 10:00:00', 4.5, 4.7, 4.8, 4.6, 'Muito bom, limpo e bem localizado.'),
('2024-08-02 11:30:00', 4.0, 4.2, 4.5, 4.1, 'Bom custo-benefício, comunicação podia melhorar.'),
('2024-07-18 09:15:00', 5.0, 4.9, 5.0, 4.8, 'Excelente! Recomendo fortemente.'),
('2024-08-04 14:45:00', 3.5, 3.8, 4.0, 3.9, 'A limpeza deixou a desejar, mas localização boa.'),
('2024-09-01 12:00:00', 4.3, 4.4, 4.6, 4.2, 'Boa estadia, voltaria novamente.'),
('2024-08-06 16:25:00', 4.1, 4.3, 4.4, 4.0, 'Tudo conforme o esperado, nada a reclamar.'),
('2024-09-02 08:50:00', 4.7, 4.8, 4.9, 4.5, 'Ótimo lugar, muito bem cuidado e organizado.'),
('2024-08-25 18:10:00', 3.8, 4.0, 4.2, 3.7, 'Comunicação eficiente, mas limpeza poderia ser melhor.'),
('2024-08-30 07:35:00', 4.6, 4.7, 4.8, 4.4, 'A localização é excelente, tudo muito limpo.'),
('2016-10-02 13:55:00', 4.2, 4.3, 4.5, 4.1, 'Boa experiência geral, recomendo.'),
('2016-09-25 10:20:00', 4.4, 4.5, 4.7, 4.3, 'Estadia agradável, pessoal muito atencioso.'),
('2016-10-12 09:00:00', 3.9, 4.1, 4.3, 3.8, 'Bom local, mas poderia ser mais limpo.'),
('2016-10-18 15:30:00', 4.8, 4.9, 5.0, 4.7, 'Perfeito para relaxar, recomendo a todos.'),
('2018-07-14 11:10:00', 4.2, 4.4, 4.6, 4.0, 'Bom custo-benefício, tudo conforme o esperado.'),
('2018-07-20 14:50:00', 3.7, 3.9, 4.1, 3.6, 'Localização ótima, mas precisa melhorar a limpeza.'),
('2018-08-16 08:45:00', 4.5, 4.6, 4.8, 4.4, 'Ótima estadia, equipe muito atenciosa.'),
('2018-09-17 17:00:00', 4.0, 4.2, 4.4, 3.9, 'Satisfatório, mas a comunicação podia ser melhor.'),
('2018-08-18 12:35:00', 4.9, 5.0, 5.0, 4.8, 'Excelente em todos os aspectos!'),
('2016-08-26 16:15:00', 4.3, 4.5, 4.6, 4.1, 'Bom lugar, limpeza adequada e boa localização.'),
('2016-10-20 11:55:00', 3.8, 4.0, 4.2, 3.7, 'Atendimento bom, mas podia ser mais limpo.'),
('2016-09-21 09:30:00', 2.5, 3.0, 4.0, 3.5, 'A limpeza deixou muito a desejar.'),
('2016-10-01 13:45:00', 3.0, 2.5, 4.2, 3.8, 'A comunicação foi bem ruim, difícil obter respostas.'),
('2016-10-03 16:20:00', 3.2, 3.5, 2.0, 3.6, 'Localização não é boa, longe de tudo.'),
('2016-11-01 10:10:00', 2.8, 3.0, 3.5, 2.5, 'Preço muito alto pelo que oferece.'),
('2016-07-12 12:00:00', 2.0, 3.0, 4.0, 3.0, 'Muito sujo, precisa de uma boa limpeza.'),
('2016-07-26 14:30:00', 3.5, 2.0, 4.5, 3.7, 'Equipe pouco atenciosa, comunicação ruim.'),
('2016-08-27 11:00:00', 3.8, 3.5, 3.0, 3.2, 'A localização não é das melhores, longe de transporte.'),
('2016-08-28 15:45:00', 3.0, 3.2, 4.0, 2.8, 'Preço não condiz com a qualidade do serviço.'),
('2016-08-29 08:20:00', 2.5, 2.8, 3.5, 2.5, 'A limpeza poderia ser muito melhor, muito pó.'),
('2016-08-30 13:10:00', 3.0, 2.0, 4.0, 3.5, 'Atendimento deixou a desejar, difícil comunicação.'),
('2016-09-01 09:45:00', 4.5, 4.6, 4.7, 4.4, 'Uma estadia maravilhosa, tudo estava impecável.'),
('2016-09-08 14:30:00', 3.2, 3.4, 3.8, 3.0, 'Localização conveniente, mas a limpeza deixou a desejar.'),
('2016-09-10 10:20:00', 4.8, 4.9, 5.0, 4.7, 'Experiência perfeita, não poderia ter sido melhor.'),
('2016-09-15 16:50:00', 4.0, 4.2, 4.5, 3.9, 'Bom lugar para ficar, mas precisa de melhorias na comunicação.'),
('2024-09-24 08:15:00', 2.9, 3.1, 3.5, 2.8, 'Poderia ser mais limpo, mas a localização é ótima.'),
('2024-09-30 12:00:00', 4.7, 4.8, 4.9, 4.6, 'Serviço excepcional, definitivamente recomendaria!'),
('2024-10-01 11:25:00', 3.5, 3.7, 4.0, 3.3, 'Boa estadia, mas a comunicação poderia ser mais clara.'),
('2024-10-10 09:10:00', 4.2, 4.4, 4.6, 4.0, 'Excelente localização e serviço, mas precisa de mais limpeza.'),
('2024-10-11 15:40:00', 3.8, 4.0, 4.3, 3.7, 'A estadia foi satisfatória, mas esperava mais conforto.');

INSERT INTO Fotos (Nome, Avaliacao, Conteudo) VALUES
('limpeza_banheiro.jpg', 1, 'http://example.com/fotos/limpeza_banheiro.jpg'),
('quarto_arrumado.jpg', 1, 'http://example.com/fotos/quarto_arrumado.jpg'),
('sala_acolhedora.jpg', 2, 'http://example.com/fotos/sala_acolhedora.jpg'),
('vista_janela.jpg', 3, 'http://example.com/fotos/vista_janela.jpg'),
('cozinha_equipada.jpg', 4, 'http://example.com/fotos/cozinha_equipada.jpg'),
('area_comum.jpg', 5, 'http://example.com/fotos/area_comum.jpg'),
('exterior_casa.jpg', 6, 'http://example.com/fotos/exterior_casa.jpg'),
('banheiro_moderno.jpg', 7, 'http://example.com/fotos/banheiro_moderno.jpg'),
('quarto_master.jpg', 8, 'http://example.com/fotos/quarto_master.jpg'),
('piscina.jpg', 9, 'http://example.com/fotos/piscina.jpg'),
('academia.jpg', 10, 'http://example.com/fotos/academia.jpg'),
('hall_entrada.jpg', 11, 'http://example.com/fotos/hall_entrada.jpg'),
('jardim.jpg', 12, 'http://example.com/fotos/jardim.jpg'),
('garagem.jpg', 13, 'http://example.com/fotos/garagem.jpg'),
('sala_estar.jpg', 14, 'http://example.com/fotos/sala_estar.jpg');

INSERT INTO Locacao (Preco_Estadia, Numero_Hospedes, Codigo_Promocional, Imposto_Pago, Preco_Total, Desconto) VALUES
(1600, 2, 'PROMO10', 15.00, 1685, 10.00),
(1600, 3, 'PROMO15', 20.00, 1685, 15.00),
(1600, 4, 'PROMO20', 25.00, 1685, 20.00),
(1500, 1, NULL, 10.00, 1600, 0.00),
(2100, 2, 'PROMO10', 18.00, 2198, 10.00),
(600, 5, 'PROMO25', 30.00, 695, 25.00),
(3000, 3, 'PROMO15', 22.00, 3127, 15.00),
(3600, 4, 'PROMO20', 27.00, 3727, 20.00),
(3600, 1, NULL, 13.00, 3733, 0.00),
(1250, 2, 'PROMO10', 19.00, 1299, 10.00),
(1000, 5, 'PROMO25', 31.00, 1049, 25.00),
(3150, 3, 'PROMO15', 23.00, 3258, 15.00),
(1400, 4, 'PROMO20', 28.00, 1508, 20.00),
(1400, 1, NULL, 14.00, 1484, 0.00),
(1120, 2, 'PROMO10', 20.00, 1200, 10.00),
(1750, 5, 'PROMO25', 32.00, 1907, 25.00),
(1750, 3, 'PROMO15', 24.00, 1859, 15.00),
(1400, 4, 'PROMO20', 29.00, 1509, 20.00),
(1100, 1, NULL, 15.00, 1160, 0.00),
(1320, 2, 'PROMO10', 21.00, 1376, 10.00),
(360, 5, 'PROMO25', 33.00, 398, 25.00),
(900, 3, 'PROMO15', 25.00, 940, 15.00),
(660, 4, 'PROMO20', 30.00, 720, 20.00),
(1320, 1, NULL, 16.00, 1386, 0.00),
(2250, 2, 'PROMO10', 22.00, 2342, 10.00),
(1800, 5, 'PROMO25', 34.00, 1889, 25.00),
(5400, 3, 'PROMO15', 26.00, 5501, 15.00),
(4200, 4, 'PROMO20', 31.00, 4301, 20.00),
(1000, 1, NULL, 17.00, 1117, 0.00),
(500, 2, 'PROMO10', 23.00, 613, 10.00),
(500, 5, 'PROMO25', 35.00, 610, 25.00),
(2000, 3, 'PROMO15', 27.00, 2112, 15.00),
(1500, 4, 'PROMO20', 32.00, 1612, 20.00),
(500, 1, NULL, 18.00, 618, 0.00),
(1400, 2, 'PROMO10', 24.00, 1484, 10.00),
(1050, 5, 'PROMO25', 36.00, 1131, 25.00),
(1050, 3, 'PROMO15', 28.00, 1133, 15.00),
(1200, 4, 'PROMO20', 33.00, 1303, 20.00),
(1200, 1, NULL, 19.00, 1309, 0.00),
(1200, 2, 'PROMO10', 25.00, 1305, 10.00),
(1200, 5, 'PROMO25', 37.00, 1302, 25.00),
(750, 3, 'PROMO15', 29.00, 809, 15.00),
(750, 4, 'PROMO20', 34.00, 809, 20.00),
(750, 1, NULL, 20.00, 815, 0.00),
(900, 2, 'PROMO10', 26.00, 986, 10.00),
(900, 5, 'PROMO25', 38.00, 983, 25.00),
(900, 3, 'PROMO15', 30.00, 985, 15.00),
(600, 4, 'PROMO20', 35.00, 655, 20.00),
(600, 1, NULL, 21.00, 661, 0.00),
(840, 2, 'PROMO10', 27.00, 907, 10.00),
(840, 5, 'PROMO25', 39.00, 904, 25.00),
(1400, 3, 'PROMO15', 31.00, 1486, 15.00),
(1050, 4, 'PROMO20', 36.00, 1136, 20.00),
(1050, 1, NULL, 22.00, 1142, 0.00),
(1350, 2, 'PROMO10', 28.00, 1468, 10.00),
(1350, 5, 'PROMO25', 40.00, 1465, 25.00),
(600, 3, 'PROMO15', 32.00, 662, 15.00),
(600, 4, 'PROMO20', 37.00, 662, 20.00),
(1200, 1, NULL, 23.00, 1293, 0.00),
(1800, 2, 'PROMO10', 29.00, 1889, 10.00);

INSERT INTO Reserva (Nome_Propriedade, Endereco_Propriedade, Nome_Locatario, Sobrenome_Locatario, Tel_Locatario, Locacao, Data_Reserva, Check_In, Check_Out, Status) VALUES
('Casa de Luxo em Jardins', 'Av. Paulista, 123', 'Ana', 'Silva', '11987654321', 1, '2024-06-25', '2024-07-01 20:00:00', '2024-07-05 18:00:00', 'Confirmado'), 
('Casa de Luxo em Jardins', 'Av. Paulista, 123', 'Emily', 'Smith', '12987654321', 2, '2024-06-20', '2024-07-06 20:00:00', '2024-07-10 18:00:00', 'Cancelado'), 
('Casa de Luxo em Jardins', 'Av. Paulista, 123', 'John', 'Doe', '44987654321', 3, '2024-06-18', '2024-07-11 20:00:00', '2024-07-15 18:00:00', 'Pago'),
('Apartamento com Vista para o Mar em Copacabana', 'Av. Atlântica, 789', 'Sarah', 'Johnson', '66987654321', 4, '2024-07-10', '2024-07-20 19:30:00', '2024-07-25 19:00:00', 'Cancelado'),
('Apartamento com Vista para o Mar em Copacabana', 'Av. Atlântica, 789', 'Hans', 'Müller', '88987654321', 5, '2024-07-05', '2024-07-26 19:30:00', '2024-08-02 19:00:00', 'Pago'),
('Apartamento com Vista para o Mar em Copacabana', 'Av. Atlântica, 789', 'Pieter', 'de Vries', '10987654321', 6, '2024-07-03', '2024-08-03 19:30:00', '2024-08-05 19:00:00', 'Pago'),
('Penthouse de Luxo em Manhattan', 'Fifth Avenue, 456', 'Ahmed', 'Ali', '12987654322', 7, '2024-07-25', '2024-08-10 21:00:00', '2024-08-15 15:00:00', 'Confirmado'),
('Penthouse de Luxo em Manhattan', 'Fifth Avenue, 456', 'David', 'Brown', '14987654322', 8, '2024-07-20', '2024-08-16 21:00:00', '2024-08-22 15:00:00', 'Confirmado'),
('Penthouse de Luxo em Manhattan', 'Fifth Avenue, 456', 'Juan', 'Martinez', '16987654322', 9, '2024-07-15', '2024-08-23 21:00:00', '2024-08-29 15:00:00', 'Confirmado'),
('Estúdio no Coração de Paris', 'Rue de Rivoli, 123', 'Oliver', 'Johnson', '18987654322', 10, '2016-08-30', '2016-09-10 23:00:00', '2016-09-15 14:00:00', 'Pago'),
('Estúdio no Coração de Paris', 'Rue de Rivoli, 123', 'Jan', 'Novak', '20987654322', 11, '2016-08-25', '2016-09-16 23:00:00', '2016-09-20 14:00:00', 'Pago'),
('Casa Típica em Kensington', 'Kensington Gardens, 789', 'Anna', 'Huber', '22987654322', 12, '2016-09-20', '2016-10-01 20:00:00', '2016-10-10 16:00:00', 'Confirmado'),
('Casa Típica em Kensington', 'Kensington Gardens, 789', 'Paul', 'Schmidt', '24987654322', 13, '2016-09-10', '2016-10-11 20:00:00', '2016-10-15 16:00:00', 'Confirmado'),
('Apartamento Moderno em Shibuya', 'Shibuya Crossing, 456', 'Francesco', 'Bianchi', '26987654322', 14, '2018-06-25', '2018-07-05 19:50:00', '2018-07-10 12:00:00', 'Confirmado'),
('Apartamento Moderno em Shibuya', 'Shibuya Crossing, 456', 'Anastasia', 'Ivanova', '28987654322', 15, '2018-06-20', '2018-07-11 19:50:00', '2018-07-15 12:00:00', 'Confirmado'),
('Casa de Praia em Bondi Beach', 'Campbell Parade, 123', 'Rafael', 'Lima', '30987654322', 16, '2018-07-15', '2018-07-25 21:00:00', '2018-07-30 13:00:00', 'Confirmado'),
('Casa de Praia em Bondi Beach', 'Campbell Parade, 123', 'Claude', 'Leroy', '32987654322', 17, '2018-07-05', '2018-07-31 21:00:00', '2018-08-05 13:00:00', 'Confirmado'),
('Casa de Praia em Bondi Beach', 'Campbell Parade, 123', 'Yuki', 'Yamamoto', '34987654322', 18, '2018-06-25', '2018-08-06 21:00:00', '2018-08-10 13:00:00', 'Pago'),
('Apartamento no Centro de Berlim', 'Friedrichstraße, 789', 'Giulia', 'Bruni', '36987654322', 19, '2016-07-20', '2016-08-20 19:45:00', '2016-08-25 19:00:00', 'Confirmado'),
('Apartamento no Centro de Berlim', 'Friedrichstraße, 789', 'Isabel', 'Rodriguez', '38987654322', 20, '2016-07-15', '2016-08-26 19:45:00', '2016-09-01 19:00:00', 'Cancelado'),
('Apartamento com Terraço em Gràcia', 'Carrer Gran de Gràcia, 456', 'Ana', 'Silva', '11987654321', 21, '2016-08-25', '2016-09-10 20:00:00', '2016-09-12 16:00:00', 'Confirmado'),
('Apartamento com Terraço em Gràcia', 'Carrer Gran de Gràcia, 456', 'Emily', 'Smith', '12987654321', 22, '2016-08-20', '2016-09-13 20:00:00', '2016-09-18 16:00:00', 'Confirmado'),
('Apartamento com Vista Canal em Jordaan', 'Prinsengracht, 123', 'John', 'Doe', '44987654321', 23, '2016-08-15', '2016-09-25 22:00:00', '2016-09-28 16:15:00', 'Pago'),
('Apartamento com Vista Canal em Jordaan', 'Prinsengracht, 123', 'Sarah', 'Johnson', '66987654321', 24, '2016-08-10', '2016-09-29 22:00:00', '2016-10-05 16:15:00', 'Pago'),
('Bangalô de Luxo em Sukhumvit', 'Sukhumvit Road, 789', 'Hans', 'Müller', '88987654321', 25, '2016-06-25', '2016-07-05 20:00:00', '2016-07-10 18:00:00', 'Confirmado'),
('Bangalô de Luxo em Sukhumvit', 'Sukhumvit Road, 789', 'Pieter', 'de Vries', '10987654321', 26, '2016-06-20', '2016-07-11 20:00:00', '2016-07-15 18:00:00', 'Confirmado'),
('Apartamento com Vista para o Mar em Downtown Dubai', 'Burj Khalifa Street, 456', 'Ahmed', 'Ali', '12987654322', 27, '2016-07-15', '2016-08-01 20:00:00', '2016-08-10 18:00:00', 'Confirmado'),
('Apartamento com Vista para o Mar em Downtown Dubai', 'Burj Khalifa Street, 456', 'David', 'Brown', '14987654322', 28, '2016-07-05', '2016-08-11 20:00:00', '2016-08-18 18:00:00', 'Pago'),
('Casa à Beira-Mar em Waterfront', 'Beach Road, 123', 'Juan', 'Martinez', '16987654322', 29, '2016-07-30', '2016-08-25 20:00:00', '2016-08-27 18:00:00', 'Confirmado'),
('Casa à Beira-Mar em Waterfront', 'Beach Road, 123', 'Oliver', 'Johnson', '18987654322', 30, '2016-07-25', '2016-08-28 20:00:00', '2016-08-29 18:00:00', 'Confirmado'),
('Casa à Beira-Mar em Waterfront', 'Beach Road, 123', 'Ana', 'Silva', '11987654321', 31, '2016-08-10', '2016-08-30 20:00:00', '2016-08-31 18:00:00', 'Pago'),
('Casa à Beira-Mar em Waterfront', 'Beach Road, 123', 'Sarah', 'Johnson', '66987654321', 32, '2016-08-12', '2016-09-01 20:00:00', '2016-09-05 18:00:00', 'Cancelado'),
('Casa à Beira-Mar em Waterfront', 'Beach Road, 123', 'David', 'Brown', '14987654322', 33, '2016-08-15', '2016-09-06 20:00:00', '2016-09-09 18:00:00', 'Pago'),
('Casa à Beira-Mar em Waterfront', 'Beach Road, 123', 'Emily', 'Smith', '12987654321', 34, '2016-08-20', '2016-09-09 20:00:00', '2016-09-10 18:00:00', 'Pago'),
('Casa de Campo em South Beach', 'Ocean Drive, 789', 'John', 'Doe', '44987654321', 35, '2024-08-10', '2024-09-16 20:00:00', '2024-09-20 18:00:00', 'Confirmado'),
('Casa de Campo em South Beach', 'Ocean Drive, 789', 'Hans', 'Müller', '88987654321', 36, '2024-08-15', '2024-09-21 20:00:00', '2024-09-24 18:00:00', 'Cancelado'),
('Casa de Campo em South Beach', 'Ocean Drive, 789', 'Ahmed', 'Ali', '12987654322', 37, '2024-08-20', '2024-09-25 20:00:00', '2024-09-28 18:00:00', 'Confirmado'),
('Casa à Beira-Mar em Zona Hotelera', 'Boulevard Kukulcan, 456', 'Juan', 'Martinez', '16987654322', 38, '2024-09-01', '2024-10-02 20:00:00', '2024-10-05 18:00:00', 'Confirmado'),
('Casa à Beira-Mar em Zona Hotelera', 'Boulevard Kukulcan, 456', 'Oliver', 'Johnson', '18987654322', 39, '2024-09-05', '2024-10-06 20:00:00', '2024-10-09 18:00:00', 'Pago'),
('Casa à Beira-Mar em Zona Hotelera', 'Boulevard Kukulcan, 456', 'Jan', 'Novak', '20987654322', 40, '2024-09-10', '2024-10-10 20:00:00', '2024-10-13 18:00:00', 'Pago'),
('Casa à Beira-Mar em Zona Hotelera', 'Boulevard Kukulcan, 456', 'Anna', 'Huber', '22987654322', 41, '2024-09-15', '2024-10-14 20:00:00', '2024-10-17 18:00:00', 'Confirmado'),
('Apartamento Moderno em Palermo', 'Avenida Santa Fe, 123', 'Paul', 'Schmidt', '24987654322', 42, '2024-06-15', '2024-07-02 20:00:00', '2024-07-05 18:00:00', 'Confirmado'),
('Apartamento Moderno em Palermo', 'Avenida Santa Fe, 123', 'Francesco', 'Bianchi', '26987654322', 43, '2024-06-20', '2024-07-06 20:00:00', '2024-07-09 18:00:00', 'Confirmado'),
('Apartamento Moderno em Palermo', 'Avenida Santa Fe, 123', 'Anastasia', 'Ivanova', '28987654322', 44, '2024-06-25', '2024-07-10 20:00:00', '2024-07-13 18:00:00', 'Confirmado'),
('Apartamento com Vista para o Mar em Seul', 'Haeundae Beach Road, 789', 'Rafael', 'Lima', '30987654322', 45, '2024-06-30', '2024-07-21 20:00:00', '2024-07-24 18:00:00', 'Confirmado'),
('Apartamento com Vista para o Mar em Seul', 'Haeundae Beach Road, 789', 'Claude', 'Leroy', '32987654322', 46, '2024-07-05', '2024-07-25 20:00:00', '2024-07-28 18:00:00', 'Confirmado'),
('Apartamento com Vista para o Mar em Seul', 'Haeundae Beach Road, 789', 'Yuki', 'Yamamoto', '34987654322', 47, '2024-07-10', '2024-07-29 20:00:00', '2024-08-01 18:00:00', 'Pago'),
('Estúdio no Centro de Praga', 'Na Příkopě, 456', 'Giulia', 'Bruni', '36987654322', 48, '2024-07-20', '2024-08-11 20:00:00', '2024-08-14 18:00:00', 'Cancelado'),
('Estúdio no Centro de Praga', 'Na Příkopě, 456', 'Isabel', 'Rodriguez', '38987654322', 49, '2024-07-25', '2024-08-15 20:00:00', '2024-08-18 18:00:00', 'Cancelado'),
('Apartamento com Vista para o Porto em Central', 'Harbour Road, 123', 'Ana', 'Silva', '11987654321', 50, '2024-07-30', '2024-08-26 20:00:00', '2024-08-29 18:00:00', 'Confirmado'),
('Apartamento com Vista para o Porto em Central', 'Harbour Road, 123', 'Emily', 'Smith', '12987654321', 51, '2024-08-05', '2024-08-30 20:00:00', '2024-09-02 18:00:00', 'Confirmado'),
('Apartamento com Vista para o Nilo em Zamalek', 'Corniche El Nile, 789', 'John', 'Doe', '44987654321', 52, '2024-08-10', '2024-09-16 20:00:00', '2024-09-20 18:00:00', 'Pago'),
('Apartamento com Vista para o Nilo em Zamalek', 'Corniche El Nile, 789', 'Hans', 'Müller', '88987654321', 53, '2024-08-15', '2024-09-21 20:00:00', '2024-09-24 18:00:00', 'Pago'),
('Apartamento com Vista para o Nilo em Zamalek', 'Corniche El Nile, 789', 'Ahmed', 'Ali', '12987654322', 54, '2024-08-20', '2024-09-25 20:00:00', '2024-09-28 18:00:00', 'Pago'),
('Apartamento de Luxo em Orchard Road', 'Scotts Road, 123', 'Juan', 'Martinez', '16987654322', 55, '2024-09-01', '2024-10-26 20:00:00', '2024-10-29 18:00:00', 'Confirmado'),
('Apartamento de Luxo em Orchard Road', 'Scotts Road, 123', 'Oliver', 'Johnson', '18987654322', 56, '2024-09-05', '2024-10-30 20:00:00', '2024-11-02 18:00:00', 'Confirmado'),
('Estúdio no Centro de Budapeste', 'Andrássy Avenue, 789', 'Jan', 'Novak', '20987654322', 57, '2024-10-01', '2024-11-02 20:00:00', '2024-11-05 18:00:00', 'Pago'),
('Estúdio no Centro de Budapeste', 'Andrássy Avenue, 789', 'Anna', 'Huber', '22987654322', 58, '2024-10-05', '2024-11-06 20:00:00', '2024-11-09 18:00:00', 'Pago'),
('Apartamento com Vista para o Parque em Gràcia', 'Avinguda Diagonal, 789', 'Paul', 'Schmidt', '24987654322', 59, '2016-07-20', '2016-08-26 20:00:00', '2016-08-30 18:00:00', 'Confirmado'),
('Apartamento com Vista para o Parque em Gràcia', 'Avinguda Diagonal, 789', 'Francesco', 'Bianchi', '26987654322', 60, '2016-07-25', '2016-08-30 20:00:00', '2016-09-05 18:00:00', 'Confirmado');

INSERT INTO Fazer_Avaliacao (Nome_Locatario, Sobrenome_Locatario, Tel_Locatario, Avaliacao, Nome_Propriedade, Endereco_Propriedade) VALUES 
('Ana', 'Silva', '11987654321', 1, 'Casa de Luxo em Jardins', 'Av. Paulista, 123'),
('Emily', 'Smith', '12987654321', 2, 'Casa de Luxo em Jardins', 'Av. Paulista, 123'),
('John', 'Doe', '44987654321', 3, 'Casa de Luxo em Jardins', 'Av. Paulista, 123'),
('Sarah', 'Johnson', '66987654321', 4, 'Apartamento com Vista para o Mar em Copacabana', 'Av. Atlântica, 789'),
('Hans', 'Müller', '88987654321', 5, 'Apartamento com Vista para o Mar em Copacabana', 'Av. Atlântica, 789'),
('Pieter', 'de Vries', '10987654321', 6, 'Apartamento com Vista para o Mar em Copacabana', 'Av. Atlântica, 789'),
('Ahmed', 'Ali', '12987654322', 7, 'Penthouse de Luxo em Manhattan', 'Fifth Avenue, 456'),
('David', 'Brown', '14987654322', 8, 'Penthouse de Luxo em Manhattan', 'Fifth Avenue, 456'),
('Juan', 'Martinez', '16987654322', 9, 'Penthouse de Luxo em Manhattan', 'Fifth Avenue, 456'),
('Oliver', 'Johnson', '18987654322', 10, 'Estúdio no Coração de Paris', 'Rue de Rivoli, 123'),
('Jan', 'Novak', '20987654322', 11, 'Estúdio no Coração de Paris', 'Rue de Rivoli, 123'),
('Anna', 'Huber', '22987654322', 12, 'Casa Típica em Kensington', 'Kensington Gardens, 789'),
('Paul', 'Schmidt', '24987654322', 13, 'Casa Típica em Kensington', 'Kensington Gardens, 789'),
('Francesco', 'Bianchi', '26987654322', 14, 'Apartamento Moderno em Shibuya', 'Shibuya Crossing, 456'),
('Anastasia', 'Ivanova', '28987654322', 15, 'Apartamento Moderno em Shibuya', 'Shibuya Crossing, 456'),
('Rafael', 'Lima', '30987654322', 16, 'Casa de Praia em Bondi Beach', 'Campbell Parade, 123'),
('Claude', 'Leroy', '32987654322', 17, 'Casa de Praia em Bondi Beach', 'Campbell Parade, 123'),
('Yuki', 'Yamamoto', '34987654322', 18, 'Casa de Praia em Bondi Beach', 'Campbell Parade, 123'),
('Giulia', 'Bruni', '36987654322', 19, 'Apartamento no Centro de Berlim', 'Friedrichstraße, 789'),
('Isabel', 'Rodriguez', '38987654322', 20, 'Apartamento no Centro de Berlim', 'Friedrichstraße, 789'),
('Ana', 'Silva', '11987654321', 21, 'Apartamento com Terraço em Gràcia', 'Carrer Gran de Gràcia, 456'),
('Emily', 'Smith', '12987654321', 22, 'Apartamento com Terraço em Gràcia', 'Carrer Gran de Gràcia, 456'),
('John', 'Doe', '44987654321', 23, 'Apartamento com Vista Canal em Jordaan', 'Prinsengracht, 123'),
('Sarah', 'Johnson', '66987654321', 24, 'Apartamento com Vista Canal em Jordaan', 'Prinsengracht, 123'),
('Hans', 'Müller', '88987654321', 25, 'Bangalô de Luxo em Sukhumvit', 'Sukhumvit Road, 789'),
('Pieter', 'de Vries', '10987654321', 26, 'Bangalô de Luxo em Sukhumvit', 'Sukhumvit Road, 789'),
('Ahmed', 'Ali', '12987654322', 27, 'Apartamento com Vista para o Mar em Downtown Dubai', 'Burj Khalifa Street, 456'),
('David', 'Brown', '14987654322', 28, 'Apartamento com Vista para o Mar em Downtown Dubai', 'Burj Khalifa Street, 456'),
('Juan', 'Martinez', '16987654322', 29, 'Casa à Beira-Mar em Waterfront', 'Beach Road, 123'),
('Oliver', 'Johnson', '18987654322', 30, 'Casa à Beira-Mar em Waterfront', 'Beach Road, 123'),
('Ana', 'Silva', '11987654321', 31, 'Casa à Beira-Mar em Waterfront', 'Beach Road, 123'),
('Sarah', 'Johnson', '66987654321', 32, 'Casa à Beira-Mar em Waterfront', 'Beach Road, 123'),
('David', 'Brown', '14987654322', 33, 'Casa à Beira-Mar em Waterfront', 'Beach Road, 123'),
('Emily', 'Smith', '12987654321', 34, 'Casa à Beira-Mar em Waterfront', 'Beach Road, 123'),
('John', 'Doe', '44987654321', 35, 'Casa de Campo em South Beach', 'Ocean Drive, 789'),
('Hans', 'Müller', '88987654321', 36, 'Casa de Campo em South Beach', 'Ocean Drive, 789'),
('Ahmed', 'Ali', '12987654322', 37, 'Casa de Campo em South Beach', 'Ocean Drive, 789'),
('Juan', 'Martinez', '16987654322', 38, 'Casa à Beira-Mar em Zona Hotelera', 'Boulevard Kukulcan, 456'),
('Oliver', 'Johnson', '18987654322', 39, 'Casa à Beira-Mar em Zona Hotelera', 'Boulevard Kukulcan, 456');
